tiersreference,6
facade,6
tiers,5
signalement,5
arretehyautre,4
prescriptionhisto,4
arrete_ravalement,4
tierssansaffaire,4
certificatnotaire,3
incitation_ravalement,3
infractionhisto,3
quartier_admin,3
batiment,3
mainlevee,3
relationtiers,3
responsable_affaire_historique,3
rapport,3
immeuble,3
recouvrement,3
adrbad,3
prescription,3
affaire,3
avispassage_tiers_ref,2
pvrsd,2
pv_ravalement_facade,2
avispassage_tiers,2
signalement_affaire,2
mise_en_demeure,2
certifnotaire_arreterav_piecesjointes,2
immeuble_affaireperilsecu,2
incitation_ravalement_facade,2
affravalement,2
tiers_ref_envoi_acte,2
voieprivee,2
arrete_ravalement_facade,2
voieprivee_parcelle,2
operation_immeuble,2
tiers_envoi_acte,2
relationtiers_tiers,2
utilisateur_role,2
marche_travaux,2
typetiers_typerelationtiers,2
ficherecolem,2
certifnotaire_arreterav_associe,2
tournee,2
adrsimple,2
tierssimple,2
arrete_ravalement_incitation_ravalement,2
cr_visite,2
batiment_adresse,2
tierscomplexe,2
infraction,2
affaire_statut,1
classement,1
arrondissement,1
certifnotaire_arretehy_piecesjointes,1
operation,1
typerelationtiers,1
avis_passage,1
documenttemp,1
pvcsp,1
signataire,1
localhabite,1
utilisateur,1
blocnotes,1
pv_ravalement,1
subdivision,1
document,1
process_instance,1
affaireperilsecurite,1
prescriptiontype,1
contentieux,1
affhygiene,1
ilot,1
eot,1
certifnotaire_arretehy_associe,1
parcelle_cadastrale,1
extensiondocument,1
